Gene_1,Gene_2,Gene_3,Gene_4,Gene_5
0.4967141530112327,0.11943210778804308,0.30257865259437594,0.6262701644442333,0.1043429121071941
-1.4153707420504142,0.3633516179049596,-0.16010488149024732,-0.32989656454291305,0.07187178427984213
0.3577873603482833,-0.4844032583374886,0.5059657019894526,0.43332360271390646,0.6139139952322633
-0.8289950109220723,0.48388196958222374,0.34911084391528535,0.2509843683605887,0.009314122354538974
-1.594427658794367,0.5177375630622622,0.002449682991133443,0.01931842902418473,0.20055718602616152
